ref	refsize	algo	operation	readname	memory	len	read	spell	cost	start	strand	pushed	popped	repeat_rate	t(map)	t(astar)	unique_best	explored_states	crumbs
Graph_transformed.gfa	26737073	astar-seeds	   align	read=1,reverse,position=4680471-4681471,length=1000,HG02886#2	0.000000	1000	TGCATTAGTCCATTTTGCATTGCTATAAAGGAATATCTGAAGTTACCTAATTTACGAAGAAAAGAGCTTTAAATGGCTCACAGATCTGCAGGCTGTACGCGAAACATGGCACTAGCATCTGCTTCTGTTGGGGGATTCTGGAAGCTTTTACTCATGGTGGAAGGCAAGTGGAGCCAGTGCATCACATGGTCATAGAGGGAGAAAGAGACATAGAAAGAGGTGCCAGCCTCTTTTTAACAACCAGGTTTCATGTGCACTAATAGAGTGAGAACTCACTCATTACCCGGAGAGGGGACAAAGCCATTCATGAGGGTCTCCTCCATGATTCAAATACCTCCCACCAGGCCCCACCTGCAACACTGGGGATCAATTTTCAACATGAGACTTGGAAGTGACAAATATCCAAATCATATTAATCCACATATCTACATTGCTCCTGGGATACCTGGATCATTCCTGGTTCTCTACTATTGCAAGCAATGCTTGTATCTCACATGGAACTGCATATACATGTGGGCCTGACCTGCATCCCTGGAATGTATGTATCCTAGAAAGGGGTTGCAGGGTTGCTGGAGATGCAGCTCCTTAATTTGACTAAACACTGCTCATCTTCTCATCAGAATGGCTGTACTCATCTGAACTTCCTTTGTCAGTACTCTAATTGTCCTGCAACTCCTAAATGGACTTCAACACTGGACATTATCCAGTTTTCTAACTTTTGCCAATTTCATGTGCATAAAGAAATATGCTGTTTTATTTTGCATTTCTTTAATTACTAATAATTGGGGTTATAATTAGGACTGATTAGCCACTTGGGGGTTCCTTTTCTATAAATTGCCTGTTCACATTCATTGTCCATTTTTGTACTATGTGCTTCCATCATTTTCTTATTGATTTGCAGGTGATCCTTATATAGTCCTGCTAGTAGTCCCTTGTCAGTTTTAGGCATTGCAAATGTTTTCCTCTAATCTGACTTCTGGCAACTGTCTCCTTGGTTTCC	TGCATTAGTCCATTTTGCATTGCTATAAAGGAATATCTGAAGTTACCTAATTTACGAAGAAAAGAGCTTTAAATGGCTCACAGATCTGCAGGCTGTACGCGAAACATGGCACTAGCATCTGCTTCTGTTGGGGGATTCTGGAAGCTTTTACTCATGGTGGAAGGCAAGTGGAGCCAGTGCATCACATGGTCATAGAGGGAGAAAGAGACATAGAAAGAGGTGCCAGCCTCTTTTTAACAACCAGGTTTCATGTGCACTAATAGAGTGAGAACTCACTCATTACCCGGAGAGGGGACAAAGCCATTCATGAGGGTCTCCTCCATGATTCAAATACCTCCCACCAGGCCCCACCTGCAACACTGGGGATCAATTTTCAACATGAGACTTGGAAGTGACAAATATCCAAATCATATTAATCCACATATCTACATTGCTCCTGGGATACCTGGATCATTCCTGGTTCTCTACTATTGCAAGCAATGCTTGTATCTCACATGGAACTGCATATACATGTGGGCCTGACCTGCATCCCTGGAATGTATGTATCCTAGAAAGGGGTTGCAGGGTTGCTGGAGATGCAGCTCCTTAATTTGACTAAACACTGCTCATCTTCTCATCAGAATGGCTGTACTCATCTGAACTTCCTTTGTCAGTACTCTAATTGTCCTGCAACTCCTAAATGGACTTCAACACTGGACATTATCCAGTTTTCTAACTTTTGCCAATTTCATGTGCATAAAGAAATATGCTGTTTTATTTTGCATTTCTTTAATTACTAATAATTGGGGtTATAATTAGGACTGATTAGCCACTTGGGGGTTCCTTTTCTATAAATTGCCTGTTCACATTCATTGTCCATTTTTGTACTATGTGCTTCCATCATTTTCTTATTGATTTGCAGGTGATCCTTATATAGTCCTGCTAGTAGTCCCTTGTCAGTTTTAGGCATTGCAAATGTTTTCCTCTAATCTGACTTCTGGCAACTGTCTCCTTGGTTTCC	1	4370959	-	3706.597000	1088.106000	0.000000	7.165660	1.499629	1	3737528	0
Graph_transformed.gfa	26737073	astar-seeds	   align	read=2,forward,position=4092792-4093792,length=1000,HG01258#2	0.000000	1000	AGGTACAAATTTCTAGAGATTAATTCAAACACAAGGAATTGCATCTGGAAATTTAGAAGCTGGAATTCTCTAATGATAGAGACTGCCTCGTAATTCTTGTCTGGCCAAGACTAGCATTGTCTTCAGTCAAGATGCAAATGTATACTTCCTCGCCCGTTTGTCTATAAGCTCAATCACATGTAGATAAGTCAACTTATCACGTAATATAAATGGTTGCAAAAGAAGGGTACCAGGGCTTTGGAATTAGGCAGAACTTAGTTTAAATTTTACTCTGCTATATCCTGGATGTCCGACTTTGGGCAGTTTTAATGGTCTCTCTGAATCTCAACTTTTTAACCTACACAATATGTTAAGCAAGTCTTATATGAATAAATAATTGAATAACATTAAAATTAAAGTTAGGTATGCTATCTATAAATCTAACAAGTTATAGAGGTCTGTTACATCAGGGTTTTACACTGAACTAAATGAAATTGATCAAAATTCTTTTTGATCAAAAACAGATGATTGTTGGTAATTTTAGGTGGTTTAATTTAATTTAACACTTCATTAAAAGACATTAGAGACTGGGCATGGTGGCTCATGCCTGTAATCCCAGCACTTTGGGAGGCCAAGGCGGTGGATCACTTGAGGCCAGGAGTTCAAGACCAGCCTGGCCAACATAGTGAAACCTTGTCTCTACTAAAATTACAAAAATTAGCCGGGCATGATGGTGTGAGCCTGTAATCCCAGCTACTCAGGTGGGTGAGACAGAAGACCCGCTGGAACCTGGGAGTCAGAGGTTTCAGTGAGCCAAGATTGTGCCACTATGCTCCAGCCTCCAGAGAGTGTGAGATTCTGTCAAAAAAAAAAAAAAAAGAAAAGACATTAGAGATACCTATGCAAATGGAAAGATATACTATATTCATAAATAAAATATCCAAAATATAAACACAATTTTTCTCTGAGTTAATCTATAGAACCAATGCAGTTCTACTCAAAATCCCAACATAATATTGTG	AGGTACAAATTTCTAGAGATTAATTCAAACACAAGGAATTGCATCTGGAAATTTAGAAGCTGGAATTCTCTAATGATAGAGACTGCCTCgTAATTCTTGTCTGGCCAAGACTAGCATTGTCTTCAGTCAAGATGCAAATGTATACTTCCTCGCCCGTTTGTCtATAAGCTCAATCACATGTAGATAAGTCAACTTATCACGTAATATAAATGGTTGCAAAAGAAGGGTACCAGGGCTTTGGAATTAGGCAGAACTTAGTTTAAATTTTACTCTGCTATATCCTGGATGTCcGACTTTGGGCAgTTTTAATGGTCTCTCTGAATCTCAACtTTTTAACCTACACAATATGTTAAGCAAGTCTTATATGAATAAATAATTGAAtAACATTAAAATTAAAGTTAGGTATgCTATCTATAAATCTAACAAGTTATAGAGgTCTGTTACATCAGGGTTTTACACTGAACTAAATGAAATTGATCAAAATTCTTTTTGATCAAAAACAGATGATTGTTGGTAATTTTAGGTgGTTTAATtTAATTTAACACTTCATTAAAAGACATTAGAGACTGGGCATGGTGGCTcATGCCTGTAATCCCAGCACTTtGGGAGGCCAAGGCGGTGGATCACTTGAGGCCAGGAGTTCAAGACCAGCCTGGCCAACATAGTGAaACCTTGTCTCTACTAAAATTACAAAAATTAGCcGGGCATGATGGTGTGAGCCTGTAATCCCAGCTACTCAGGTGgGTGAGACAgAAGACccGCTGGAACCTGGGAGTcaGAGGTTtCAGTGAGcCaAGATtGTGCCACTaTgCTCCAGCCTCCAGagAGTGTGAGATTCTGTCAAAAAAAAAAAAAAAAGAaaagaCATTAGAGATACCTATGcAAATGGAAAGATATaCTATATTCAtAAATAAAATATCCAAAATATAAACACAATTTTTCTCTGAGTTAATCTAtAGAACCAATGCAGTTCTACTcAAAATCCCAACATAATATTGTG	38	1574613	+	3414.077000	923.884000	0.000000	5.877988	1.376499	1	3438512	0
Graph_transformed.gfa	26737073	astar-seeds	   align	read=3,reverse,position=4267316-4268316,length=1000,HG02257#1	0.000000	1000	CATTCATACAGAGTGTGTTGTAGGTGTGAGTGATTCCCTGGGGCAGCTGCTCTTCATGGTGACTCAGCTAATTAGACTGCTTTTCTACTGGGATTGTGCCATCTCAACACAAGGCTGTCTTGGTTGACTTGGTAGGGGAGGAGGAGAAGAGTCATGCACGAGGAGTTAAATTCTTTGACCAGGAACCTTTTGTTCACTTTCCATTGGTGAGAACGAGTCACACAGCTCCAGGAGAGTAGGAAGTCTAGTTTCTCGTTTTCCATGGGCCTAGGAATTAGAGGATGAACACTAGCGATGTCTTCCACGTCTTGCTCTCTTTTTCTTTACCTGTTATAATCTCCCATGGAGAAGAAATTATTTTTCTGATTGGTCTGATCCAGGCCTCTAACCAAGGGCATTTACTAAGGGTCATAGAACAGTAAAAGGTTGCACAATTGCATCTCACCTCTCTTTTCTGAATCCTGCTTAATTAAAACTTTAAAAACTCACTTACAGACCACTTCTTGCTCTTCTTAGTTATCAAATATATTTTCTTCCAACTCCTTTTTGACAGATCTTGCCTTGTTCTCAGCTGACTCCCTTGCAACCATCTAAATGGAACTTCCTCATTCCCCTTTATCCCCTGCTAATCGTCCTGTCTTTATTCTTTTATCTGAAGAAGTGTACCCTTCTTCCCCCAAGCCTTATGCTCTCTGTCTTAGTCCATTTGTGTTAGTGTAACAAGATACACGAGATAGGGTAATTTATGAAGAACAGAAATTTATTTCTCACAGTTCTGGAAGCTAGAAGTTCAAGGTCATGGCCCTGGAAGATTTGATGCCTTGGCCATCGACCTGAAAAAAGTCACTGAAGTGAACTTGTGGTTACCATGATACCCTGGGTTCATTCTTAACATGCACAGTATAGGCAAATCAGGGGCACATTTCATGCTGAAAGATGATGTGAAATGATGAGTAAACATTGCCCTTTAAATAATAATAACATAGATGGTGAATTACAA	CATTCATACAGAGTGTGTTGTAGGTGTGAGTGATTCCCTGGGGCAGCTGCTCTTCATGGTGACTCAGCTAATTAGACTGCTTTTCTACTGGGATTGTGCcATCTCAACACAAGGCTGTCTTGGTTGACTTGGTAGGGGAGGAGGAGAAGAGTCATGCAcGAGGAGTTAAATTCTTTGACCAGGAACCTTTTGTTCACTTTCCATTGGTGAGAACGAGTCACACAGCTCCAGGAGAGTAGGAAGTCTAGTTTCTCGTTTTCCATGGGCCTAGGAATTAGAGGATGAACACTAGCGATGTCTTCCACGTCTTGCTCTCTTTTTCTTTACCTGTTATAATCTCCCATGGAGAAGAAATTATTTTTCTGATTGGTCTGATCCAGGCCTCTAACCAAGGGCATTTACTAAGGGTCATAGAACAGTAAAAGGTTGCACAATTGCATCTCACCTCTCTTTTCTGAATCCTGCTTAATTAAAACTTTAAAAACTCACTTACAGACCACTTCTTGCTCTTCTTAGTTATCAAATATATTTTCTTCCAACTCCTTTTTGACAGATCTTGCCTTGTTCTCAGCTGAcTCCCTTGCAACCATCTAAATGGAACTTCCTCATTCCCCTTTATCCCCTGCTAATCGTCCTGTCTTTATTCTTTTATCTGAAGAAGTGTACCCTTCTTCCCCCAAGCCTTATGCTCTCTGTCTTAGTCCATTTGTGTTAgTGTAACAAGATACACGAGATAGGGTAATTTATGAAGAACAGAAATTTATTTCTCACAGTTCTGGAAGCTAGAAGTTCAAGGTCATGGCCCTGGAAGATTTGATGCCTTGGCCATCGACcTGAAAAAAGTCACTGAAGTGAACTTGTGGTTACCATGATACCCTGGGTTCATTCTTAACATGCACAGTATAGGCAAATCAGGGgCACATTTCATGCTGAAAGATGATGTGAAATGATGAGTAAACATTGCCCTTTAAATAATAATAACATAGATGGTGAATTACAA	6	366908	-	3546.146000	1017.800000	0.000000	5.990122	1.435025	1	3575596	0
Graph_transformed.gfa	26737073	astar-seeds	   align	read=4,reverse,position=1117938-1118938,length=1000,HG02717#1	0.000000	1000	TGGACATGGGGGTGGGTGGGAGGTGGGGGCTTGCGGGGCAGGGGGCCAGCCAGCTGCACGCGCCCCCATCTGTCTGAGTCGTCTCTGGGATTGCGAGGCAGACCCCTCCCTTGTGTGACTGGCAGGAGATGGGCTGGGGGTGCAGGAGCTTGGGGAGAGTCGCAGGGGCTGGAGGTCCAAGATGAGGGTCTAGGGGCTCAAGATGGTTAAGCATGCTGCAAGGCAGACCCTTCTGCCCCGCTGCGGGAGTCTCGCAGAAGTGTCGGGGTTTGGAGAAACTGGTGGTGGATTTAAGGTATTAGGAGACACTGATCCTCTGAGGGAGTAAACTAACCCTGGAATGGGTTGGGGGTGGAGGGAATGTCAGAGGTGGGGAGCTGGATTGGGGGTTTACATTTACCATGGTAACAAGGTAAAATCTTGGCGTAGGTTGGAGCTGGAAGGAATAGGGACAGAATGAGGAAAATTTTGAGAGACTTGAGAGCTCTAGTTTATTTATCTTAACAAAACAGCAAGGTAGTGGTGAGCCCTACCTGACTCCTTCTCATCCTTCTATTCCCAACCCTGTTGAGCATTCCCAGACTGTGGGATAGATGGCATATGGTGATTGGGGAAGGCTAATGATCAAGAGGTGGGCAGAGGCACTGGGAAAATGAATTGGATTGGGGATCCACATGGGAACCCCCACAATAGCATGGGGATGAAGAAGAGTCAACATACAAGGAGAAGAGAACAGAAAAGAATGGCAGTGGGGGAGAGGGGCAAGGAGGTAGCGTGGGGATAATGAGAGATCTTGGGGCACCTTATGGAACTTGGGTCCTGACCTTCCCTTCCCTTATAGCATTGTGGCCTCTAGGATGTGAGAAGGGAAATGGGATGTAGGGATTAGGGAGGTGAGTTGAGGGAGAGAGAGAAGGTAAGCAAATTTGGGTCCAGGGGTATTAGGGGATAGCTTATAATGAGGTTTTTTTTCCCACCCCTCTCCCCTACATGAATAATT	tGGACATGGGGGTGGGTGGGAGGTGGGGGCTTGCGGGGCAGGGGGCCAGCCAGCTGCACGCGCCCCCATCTGTCTGAGTCGTCTCTGGGATTGCGAGGCAGACCCCTCCCTTGTGTGACTGGCAGGAGATGGGCTGGGGGTGCAGGAGCTTGGGGAGAGTCGCAGGGGCTGGAGGTCCAAGATGAGGGTCTAGGGGCTCAAGATGGTTAAGCATGCTGCAAGGCAGACCCTTCTGCCCCGCTGCGGGAGTCTCGCAGAAGTGTCGGGGTTTGGAGAAACTGGTGGTGGATTTAAGGTATTAGGAGACACTGATCCTCTGAGGGAGTAAACTAACCCTGGAATGGGTTGGGGGTGGAGGGAATGTCAGAGGTGGGGAGCTGGATTGGGGGTTTACATTTACCATGGTAACAAGGTAAAATCTTGGCGTAGGTTGGAGCTGGAAGGAATAGGGACAGAATGAGGAAAATTTTGAGAGACTTGAGAGCTCTAGTTTATTTATCTTAACAAAACAGCAAGGTAGTGGTGAGCCCTACCTGACTCCTTCTCATCCTTCTATTCCCAACCCTGTTGAGCATTCCCAGACTGTGGGATAGATGGCATATGGTGATTGGGGAAGGCTAATGATCAAGAGGTGGGCAGAGGCACTGGGAAAATGAATTGGATTGGGGATCCACATGGGAACCCCCACAATAGCATGGGGATGAAGAAGAGTCAACATACAAGGAGAAGAGAACAGAAAAGAAtGGCAGTGGGGGAGAGGGGCAAGGAGGTAGCGTGGGGATAATGAGAGATCTTGGGGCACCTTATGGAACTTGGGTCCTGACCTTCCCTTCCCTTATAGCATTGTGGCCTCTAGGATGTGAGAAGGGAAATGGGATGTAGGGATTAGGGAGGTGAGTTGAGGGAGAGAGAGAAGGTAAGCAAATTTGGGTCCAGGGGTATTAGGGGATAGCTTATAATGAGGTTTTTTTTCCCACCCCTCTCCCCTACaTGAATAATT	8	584694	-	3183.009000	1025.196000	0.000000	5.727992	1.341021	1	3218700	0
Graph_transformed.gfa	26737073	astar-seeds	   align	read=5,forward,position=1188415-1189415,length=1000,HG02148#1	0.000000	1000	TCCTAGCTGATTTCTGCCAGCTTCTTACTTTCTTCTTTTTTTCTGTCTCAGCTTTTCCCCATGAGTTCTGAAACATTCTGACGTGATTCTGACAGCTATTTCCACACTCAGGCTGGGCCCTGGAGGAGTGCCCTCTGCTGGTTCTCTGAGACCTGTGGCTGGGATCATCTCTGATAAGGTTTGGGTGTTTGTCCCCTCCAAATCTCATGTTGAAAGATCTCCAGTGTTGGAGCTGGGGCCTAGTGGGAGGCGTTTGGGTCATGGGAGCGGTTCTCTCATGAGTGGCTTAGTACTCTGCCCATGGTAATGAGTGAGCTTTCACTCTATTCGTTCACACGAGAGCTGATTATTTAAAAGAGCCTAGCAGCTCTCTTGCTCCTTCTCTCTCCATATGACACACCTACTCTTCCTTTGCCTTCTGCCACAAGTAAAAGCTTCCTGAGACTTCACCAGAATCCTAGTGGAGCTGGCCCCATGATTGTACAGCCTGCAGAACTGTGAGCCAAATAAATCTCTTTTCTTTATAAATTACTTAAACCCAGGTATTCCTTTACAACAACGCAAATGGACTAATACAGTCTCCCTCTGCTGCCTCCAAGGTCACTCCTTGATCTTCACTGCTTTAGGCAGCCTTTTACCCTACTTTGTAGTTGGAGCTTCAGGGGCTTAACATCTTAAAAGTTTTATTTTTTTTTTTAATTTATGCTTTTTAAAAAATTTTTTTTGAGATGGAGTTTTGCTCTTGTTGCCCAGGCTGGAGTGCAATGGTGTGATCTCGGCTCACCGCAACCTCTGCCTCCTGGGTTCAAGCGATTCTCCTGCCTCAGCCTCCCAAGTAGGTGGGATTACAGGCGCGCGACACCATGCTCGGCTAATTTTTGTTGTTTTAGTAGAAACAGGGTTTCACCATGTTGGTCAGGCTGGTCTCGAACTCCCGACCTCATGATCCGCCCGCCTTGGCCTCCCAAAATGCTGGGATTACAGGCATGAACCACCGCAC	TCCTAGCTGATTTCTGCCAGCTTCTTACTTTCTTCTTTTTTTCTGTCTCAGCTTTTCCCCATGAGTTCTGAAACATTCTGACGTGATTCTGACAGCTATTTCCACACTCAGGCTGGGCCCTGGAGGAGTGCCCTCTGCTGGTTCTCTGAGACCTGTGGCTGGGATCATCTCTGATAAGGTTTGGGTGTTTGTCCCCTCCAAATCTCATGTTGAAAGATCTCCAGTGTTGGAGCTGGGGCCTAGTGGGAGGCGTTTGGGTCATGGGAGCGGTTCTCTCATGAGTGGCTTAGTACTCTGCCCATGGTAATGAGTGAGCTTTCACTCTATTCGTTCACACGAGAGCTGATTATTTAAAAGAGCCTAGCAGCTCTCTTGCTCCTTCTCTCTCCATATGACACACCTACTCTTCCTTTGCCTTCTGCCACAAGTAAAAGCTTCCTGAGACTTCACCAGAATCCTAGTGGAGCTGGCCCCATGATTGTACAGCCTGCAGAACTGTGAGCCAAATAAATCTCTTTTCTTTATAAATTACTTAAACCCAGGTATTCCTTTACAACAACGCAAATGGACTAATACAGTCTCCCTCTGCTGCCTCCAAGGTCACTCCTTGATCTTCACTGCTTTAGGCAGCCTTTTACCCTACTTTGTAGTTGGAGCTTCAGGGGCTTAACATCTTAAAAGTTTTATTTTTTTTTTTAATTTATGCTTTTTAAAAAATTTTTTTTGAGATGGAGTTTTGCTCTTGTTGCCCAGGCTGGAGTGCAATGGTGTGATCTCGGCTCACCGCAACCTCTGCCTCCTGGGTTCAAGCGATTCTCCTGCCTCAGCCTCCCAAGTAGGTGGGATTACAGGCGCGCGACACCATGCTCGGCTAATTTTTGTTGTTTTAGTAGAAACAGGGTTTCACCATGTTGGTCAGGCTGGTCTCGAACTCCCGACCTCATGATCCGCCCGCCTTGGCCTCCCAAAATGCTGGGATTACAGGCATGAACCACCGCAC	0	5163378	+	3359.580000	993.819000	0.000000	5.879839	1.383008	1	3386347	0
Graph_transformed.gfa	26737073	astar-seeds	   align	read=6,reverse,position=3320626-3321626,length=1000,HG02717#1	0.000000	1000	ACTCCCTTCCTATCCCCGGGCGACCGCCACCCCCATTTTGCAATCACTCGCCCAACCCCACTCACAGTTGTTTTGAGTCAGCAGGGGCTGTGGGGCCGCTAGCCGAGTTCCCCCTGCCACGAGCTAGGTCAGTTCCAAGCAAAGACACCAGAAACTCCAGTGTGCAACGGTAGTTCACCCAACTGCACTGGGGACCGCCCTCTCCTACCCCAGCCAGGCCGCGACGTGGCCGCCCGCCGGCTGCTGCGCAAAAGCAGCGCAAGCCGTTGGGATCCCCTGCTCCCCCTCACTCAACAGTCGGGCCATTACAACTCTCATACTGCCAACCCACGAGCCCACTTCGCAAAAAGAACTAAAATGGCGAGGCCGGGGCCATTTATGGCGGCGCCGGGTTGGGGGCCTGACGGGTATAGTTGTTTTCTTATCTGCCTGGCTAGACGCGCGGCATTTTCCCCATTGTTTGTCCACACAGAAATAAAACAAAGTGAAAGAAAGACCAGGAAAGTATGTTTCACACTCCTCTGGGCAAATATTCGGAGATGCTTTCTGAATTTTGAAAAACAAAAAACAGGGATCTGTCTGGCCAGGCGGAAGAAAGTCCCCGGCGCCGGCCGGCCAGCGCCAGCCGGGTGCTGCTCCTAAGCCGTTTCCCAGCAGCCCATGGTCCGTTAATGACCCTGGGACTCTTCCCGCGCGCGCGCGGGCGCGCGCAGCTGCGCCAGTTTAGCGTCCAGCTACCCTGACACTTCGCACTCCGTTCCCCCAGCGAAATCTGAATTTGCCTCCCAGTTCGATCCCGCAGACTGTCAGGCACCCTAACCTTCAATTAAACAAAACAAAACAAAAACCAAAAACCCAAAAGGCAGGTCGGACGTAATAGGTCACGCCTGTAATCTCAACACTTTGGACAGGCCCAGGCAGAGGATCATTTGAGGCCCGGAGTTCGGGACCAGCCTGGGCAAATAGTGACACCCAACCCCCGTCTCTATTTATTTAAAAA	ACTCCCTTCCTATCCCCGGGCGACCGCCACCCCCATTTTGCAATCACTCGCCCAACCCCACTCACAGTTGTTTTGAGTCAGCAGGGGCTGTGGGGCCGCTAGCCGAGTTCCCCCTGCCACGAGCTAGGTCAGTTCCAAGCAAAGACACCAGAAACTCCAGTGTGCAACGGTAGTTCACCCAACTGCACTGGGGACCGCCCTCTCCTACCCCAGCCAGGCCGCGACGTGGCCGCCCGCCGGCTGCTGCGCAAAaGCAGCGCAAGCCGTTGGGATCCCCTGCTCCCCCTCACTCAACAGTCGGGCCATTACAACTCTCATACTGCCAACCCACGAGCCCACTTCGCAAAAAGAACTAAAATGGCGAGGCCGGGGCCATTTATGGCGGCGCCGGGTTGGGGGCCTGACGGGTATAGTTGTTTTCTTATCTGCCTGGCTAGACGCGCGGCATTTTCCCCATTGTTTGTCCACACAGAAATAAAACAAAGTGAAAGAAAGACCAGGAAAGTATGTTTCACACTCCTCTGGGCAAATATTCGGAGATGCTTTCTGAATTTTGAAAAACAAAAAACAGGGATCTGTCTGGCCAGGCGGAAGAAAGTCCCCGGCGCCGGCCGGCCAGCGCCAGCCGGGTGCTGCTCCTAAGCCGTTTCCCAGCAGCCCATGGTCCGTTAATGACCCTGGGACTCTTCCCGCGCGCGCGCGGGCGCGCGCAGCTGCGCCAGTTTAGCGTCCAGCTACCCTGACACTTCGCACTCCGTTCCCCCAGCGAAATCTGAATTTGCCTCCCAGTTCGATCCCGCAGACTGTCAGGCACCCTAACCTTCAATTAAACAAAACAAAACAAAAACCAAAAACCCAAAAGGCAGGTCGGACGTAATAGGTCACGCCTGTAATCTCAACACTTTGGACAGGCCCAGGCAGAGGATCATTTGAGGCCCGGAGTTCGGGACCAGCCTGGGCAAATAGTGACACCCAACCCCCGTCTCTATTTATTTAAAAA	1	1292216	-	2752.242000	762.878000	0.000000	4.918668	1.184218	1	2763216	0
Graph_transformed.gfa	26737073	astar-seeds	   align	read=7,forward,position=3607360-3608360,length=1000,HG01361#2	0.000000	1000	CCTTGGGTGACTACCTGAGGCTTCTCTTTACCTTTCCTTTCACATCCATCATTGCCTTTCAAGTCCTCCTTCATCAAGAAATCTTAGTGCTTTTCAAACATAAGTGTGCATACATATCACCTAGGGAACTTGTTAAGTTGCAGATTATGATTTAGGAAGTCTGTTGTGGGGCCTGTGATTCTGCATTTCAATAAGCTGGTTAATGCAGATGCTGCTGGTTCATAAACCGTATGTTTTTCTTTTTTTTTTTTTTTTTTTAGAGAGATGGGGTCTGCTGTGTTTACCAGGCTGGTCTCAAACTCCTGGCCTCAAGCCATCATCCCATCTCAGCCTCCCAAAGTGCTGGGATTATAGGTGTGAGCCACCACACCCAGCAATGAACCAATGGGATGAGATTCTAGAACAGTCTCATCCCATTGTCTTCTCCCCTGGCTCTGTGCCCCTTTAGTTTATCCTACATTTTACATGTATAACTGGTGTGACCTGCTCCACTGGATGTTGCAGGTTCTCCTCCTAATAGAAGATGTAGAGACCTATTGTGATTCAGTCTTGCTTGTCCAGCTACCTACACAGCCTGGGCTACCACAGTTCTCCAGGAAAGAAGGATCCCTCTCTTGAGTACCTCACTTTGGCTCCCTCTTAAGTTTGCTCTCACCATTGTGCCTCAGACTATAAAAACCATGCCAGGACAGCCAGGAAGGGAGACGGTTTCATCATTAGCCAAAGACTTGTGTCAAAACAATTCTCTCCCTGGTTTTGTTTGTTTGTTTTTGTTTTTTTGTTTTTTGTTTTTTTTGAGACGGAGTATCACTCTGTCACGCAGGCTGGAGTGCACTGGCGAGATCTCGGCTCATTACAACCTCTGCCTCCCAGGTTCAAGCGATTATCCTGCCTCAGCCTCCCAAGTAGCGGGGATGACAGGCACCTGCCACCATGCCTGGCTAATTTTTGTATTTTTAGTGAAGATGGGGTTTCACCATGTCAGCCAGGCTGGTCTCAA	CCTTGGGTGACTACCTGAGGCTTCTCTTTACCTTTCCTTTCACATCCATCATTGCCTTTCAAGTCCTCCTTCATCAAGAAATCTTAGTGCTTTTCAAACATAAGTGTGCATACATATCACCTAGGGAACTTGTTAAGTTGCAGATTATGATTTAGGAAGTCTGTTGTGGGGCCTGTGATTCTGCATTTCAATAAGCTGGTTAATGCAGATGCTGCTGGTTCATAAaCCGTATGTTTTTCTTTTTTTTTTTTTTTTTTTAGAGAGATGGGGTCTGCTGTGTTTACCAGGCTGGTCTCAAACTCCTGGCCTCAAGCCATCATCCCATCTCAGCCTCCCAAAGTGCTGGGATTATAGGTGTGAGCCACCACACCCAGCAATGAACCAATGGGATGAGATTCTAGAACAGTCTCATCCCATTGTCTTCTCCCCTGGCTCTGTGCCCCTTTAGTTTATCCTACATTTTACATGTATAACTGGTGTGACCTGCTCCACTGGATGTTGCAGGTTCTCCTCCTAATAGAAGATGTAGAGACCTATTGTGATTCAGTCTTGCTTGTCCAGCTACCTACACAGCCTGGGCTACCACAGTTCTCCAGGAAAGAAGGATCCCTCTCTTGAGTACCTCACTTTGGCTCCCTCTTAAGTTTGCTCTCACCATTGTGCCTCAGACTATAAAAACCATGCCAGGACAGCCAGGAAGGGAGACGGTTTCATCATTAGCCAAAGACTTGTGTCAAAACAATTCTCTCCCTGGTTTTGTTTGTTTGTTTTTGTTTTTTTGTTTTTTGTTTTTTTTGAGACGGAGTATCACTCTGTCACGCAGGCTGGAGTGCACTGGCGAGATCTCGGCTCATTACAACCTCTGCCTCCCAGGTTCAAGCGATTATCCTGCCTCAGCCTCCCAAGTAGCGGGGATGACAGGCACCTGCCACCATGCCTGGCTAATTTTTGTATTTTTAGTGAAGATGGGGTTTCACCATGTCAGCCAGGCTGGTCTCAA	1	857386	+	3188.312000	968.078000	0.000000	5.588277	1.322052	1	3213572	0
Graph_transformed.gfa	26737073	astar-seeds	   align	read=8,forward,position=3096306-3097306,length=1000,HG02080#2	0.000000	1000	GATATTGGTGAGAAACGGGTGATTTGCGGGGGCAGGGTGGTGTGCAGGCCTAAGAAGACAGAGGTCTCTCCTACATGCTCCATTCCTCATGATTTGGGAGGGGGCCCACCTACCACAGTGGGAGGAAGGAGAATGGGGATGCGGAAGTGGGAGAGGAGAGAGAGGGTCTCCCCACCTTCTCCCCATCCCCATCCTCTGCCCCCAGATATCATGTCCCTGAAACGAATGCTGGAGAAACTTGGAGTCCCCAAGACTCACCTAGAGCTAAAGAAATTAATTGGAGAGGTGTCCAGTGGCTCCGGGGAGACGTTCAGCTACCCTGACTTTCTCAGGATGATGCTGGGCAAGAGATCTGCCATCCTAAAAATGTGAGTGTCAATTTCCAACCTCCCCTGTACTTACCTGTTTTCTCCTCCCCCATCCCTACCCTTGTCCACAGGCTCAACATTTCTACACGTTGCCCATCATCCCTTCTTCCATCCTTAGAGGGACCCTTCCAAGGTCCCGACCCCATCCCTATCCATAGTCCTGGTCCCCAGAAACTCCAACCCCTGCCCTTCCTCTTCCCCCTTCCACCCTCACATCCCCATCCCCTTCTAGCCTTTCCTAGCACCCTATGATTTATTCCCTTGAGAGGAGTGTTCCCTGATCCCTGTGCCTCTTCCCATCTCAACCAGGATCCTGATGTATGAGGAAAAAGCGAGAGAAAAGGAAAAGCCAACAGGCCCCCCAGCCAAGAAAGCTATCTCTGAGTTGCCCTGATTTGAAGGGAAAAGGGATGATGGGATTGAAGGGGCTTCTAATGACCCAGATATGGAAACAGAAGACAAAATTGTAAGCCAGAGTCAACAAATTAAATAAATTACCCCCTCCTCCAGATCAAGTCAGCTTAGTTTTTATTTGGGTGATTTTTTTCCTGGGTTTGGGAAGGAGAGACAGGTCTTGAGGGAAAGGTGGCAAGGATTTGGCCATATGAACAATCCATCAACAACGCTATAGT	GATATTGGTGAGAAACGGGTGATTTGCGGGGGCAGGGTGGTGTGCAGGCCTAAGAAGACAGAGGTCTCTCCTACATGCTCCATTCCTCATGATTTGGGAGGGGGCCCACCTACCACAGTGGGAGGAAGGAGAATGGGGATGCGGAAGTGGGAGAGGAGAGAGAGGGTCTCCCCACCTTCTCCCCATCCCCATCCTCTGCCCCCAGATATCATGTCCCTGAAACGAATGCTGGAGAAACTTGGAGTCCCCAAGACTCACCTAGAGCTAAAGAAATTAATTGGAGAGGTGTCCAGTGGCTCCGGGGAGACGTTCAGCTACCCTGACTTTCTCAGGATGATGCTGGGCAAGAGATCTGCCATCCTAAAAATGTGAGTGTCAATTTCCAACCTCCCCTGTACTTACCTGTTTTCTCCTCCCCCATCCCTACCCTTGTCCACAGGCTCAACATTTCTACACGTTGCCCATCATCCCTTCTTCCATCCTTAGAGGGACCCTTCCAAGGTCCCGACCCCATCCCTATCCATAGTCCTGGTCCCCAGAAACTCCAACCCCTGCCCTTCCTCTTCCCCCTTCCACCCTCACATCCCCATCCCCTTCTAGCCTTTCCTAGCACCCTATGATTTATTCCCTTGAGAGGAGTGTTCCCTGATCCCTGTGCCTCTTCCCATCTCAACCAGGATCCTGATGTATGAGGAAAAAGCGAGAGAAAAGGAAAAGCCAACAGGCCCCCCAGCCAAGAAAGCTATCTCTGAGTTGCCCTGATTTGAAGGGAAAAGGGATGATGGGATTGAAGGGGCTTCTAATGACCCAGATATGGAAACAGAAGACAAAATTGTAAGCCAGAGTCAACAAATTAAATAAATTACCCCCTCCTCCAGATCAAGTCAGCTTAGTTTTTATTTGGGTGATTTTTTTCCTGGGTTTGGGAAGGAGAGACAGGTCTTGAGGGAAAGGTGGCAAGGATTTGGCCATATGAACAATCCATCAACAACGCTATAGT	0	1429193	+	3199.888000	1051.184000	0.000000	5.772715	1.346748	1	3231965	0
Graph_transformed.gfa	26737073	astar-seeds	   align	read=9,reverse,position=656470-657470,length=1000,HG02148#1	0.000000	1000	GAACAGGCCACATTTGGCGTATTGGAGATGCCCACTACCCTTTGGGAAGATTTAATTACCACCGTTTATAGAAGGCCCTGCGTGTGTAAAGTGAGAAAGCGGCTCTCAACTGCCCCCGCCCCAACTTTTAAATAGAAAACATTTGCCACATTTAGCCCTTCTAGATGGAAAGAGGTTGTGATGTATGATAAAGTTAGAAAATCACACATCTTATAAATTCTCATTTGTTCAAAAAGAAATGATAGAAAATAGATGTCTTCTGGAAATGGCTTTTCGCAATGGAATTGTTGGACCACTTCTGGAAGCCATACCAGGAACGACAGACACAACCACATTTGTTCAGTGGGTTAGAGGGCATGAAGAAGAAGACCTGAGAAGGAAAAGAAGAAGGTTCTGTGCCAGACTAGTCATATTCAGAAGACATTCTCATATTCTTTCCATTGTTTTGTGTGCATTTTATTCCCTACTACTGTATAGATCATTGACAATGCTACACTTTTTTGAAATGTCTAGTGTTTCTAGATGTTCTGAGGTGCCTGATATATGTTTAAACTAGAAGTAGTAAAATAACACATTTTGTAAGTATCTTTTTGTTAAAATTCGAATGAAACATTGTTTTAGGGGGAATGGCCAAACCACAAGTTGAGTAATATGCATTGTATTATGCGCCAGTTCAGGAGAGGAGGAGGAGGAGGCTGTGCAGAGAGCTCTGTGCCACCAGTGTGCTTACAGTGAGGCAAGATTAACCATTATATCTTATGTTTGTGCATTTTCTTTTACTTATCTATGTATAAAGTGTATATAGAGGAAAACAAGTCCTAATTTACATCTAGTCTTTCTAGATGTTATGGAGGTTGCCAGTGAATTACAAAAGTAGAGTTAGTAAACTAATATTTTTGTACTTTTTGTTTTTAAATTCCTAGGGAAGATTGTCTTCTGAAAACTTGAGCATTCTTGCCCACTGGGTTGATGGAGATGGAAAGATTTTTAGGCCAGAATG	GAACAGGCCACATTTGGCGTATTGGAGATGCCCACTACCCTTTGGGAAGATTTAATTACCACCGTTTATAGAAGGCCCTGCGTGTGTAAAGTGAGAAAGCGGCTCTCAACTGCCCCCGCCCCAACTTTTAAATAGAAAACATTTGCCACATTTAGCCCTTCTAGATGGAAAGAGGTTGTGATGTATGATAAAGTTAGAAAATCACACATCTTATAAATTCTCATTTGTTCAAAAAGAAATGATAGAAAATAGATGTCTTCTGGAAATGGCTTTTCGCAATGGAATTGTTGGACCACTTCTGGAAGCCATACCAGGAACGACAGACACAACCACATTTGTTCAGTGGGTTAGAGGGCATGAAGAAGAAGACCTGAGAAGGAAAAGAAGAAGGTTCTGTGCCAGACTAGTCATATTCAGAAGACATTCTCATATTCTTTCCATTGTTTTGTGTGCaTTTTATTCCCTACTACTGTATAGATCATTGACAATGCTACACTTTTTTGAAATGTCTAGTGTTTCTAGATGTTCTGAGGTGCCTGATATATGTTTAAACTAGAAGTAGTAAAATAACACATtTTGTAAGTATCTTTTTGTTAAAATTCGAATGAAACATTGTTTTAGGGGGAAtGGCCAAACCACAAGTTGAGTAATATGCATTGTATTATGCGCCAGTTCAGGAGAGGAGGAGGAGGAGGCTGTGCAGAGAGCTCTGTGCCACCAGTGTGCTTACAGTGAGGCAAGATTAACCATTATATCTTATGTTTGTGCATTTTCTTTTACTTATCTATGTATAAAGTGTATATAGAGGAAAACAAGTCCTAATTTACATCTAGTCTTTCTAGATGTTATGGAGGTTGCCAGTGAATTACAAAAGTAGAGTTAGtAAACTAATATTTTTGTACtTTTTGTTTTTAAATTCCTAGGGAAGATTGTCTTCTGAAAACTTGAGCATTCTTGCCCACTGGGTTGATGGAGATGGAAAGATTTTTAGGCCAGAATG	5	2482600	-	3194.449000	938.733000	0.000000	5.651790	1.317239	1	3217488	0
Graph_transformed.gfa	26737073	astar-seeds	   align	read=10,reverse,position=4565665-4566665,length=1000,HG02486#1	0.000000	1000	CAGAGTGAGACACATCTGATACCTTCTTTCTGTGACTCCAGGGACATTCCTCATCTCCTGACACCCTCAGTTCCCTAGGAGCACATATCCTGTTCCTGTAATGTGGGTGCAGATACCTCAGCTTCTGATCCTGACAAGTGTTAGTCCAGAGATTGTTCACTCCACTCGGGGTACTGCCCTAACCTGTAACATGAGTACAGGAGACAAGCAGGAAAGAGAATGACTCTGACTGGATATGGTTTGTAATTTGTAATGTTAACTGCTCAGTGACTCTGAGGGTAGGATTTATGTGCTCTGGGTCTGAGGATTTCATAATGATCTCGATTTGAAGACTTTCTGCTATTCTCATGACCTCCTTCCATCGTTGAATCCCTGGATTGAAATCATATTAATTTTATGCTGCATAGGTTTCTCACAAGTTTCCTGTGAAGCCAAAAGGGAAAATAAGACAGATAAAGGGTCCTTATTTACTATATACTGTCTTCCTTAGCTTATTATGTGACAGCTGAAATTACTACGCAAAAACAAGTCAGCAGCATTTTCCTTTATAGTTTTTGAGGAAATGAGGCTGATCAGGGATAAAGATGTTTTAAAAAGAAAAAATGATTGTGTCCTATTCCCTAGGTTAAGAAGATTATGAGAAACATGATTGGTTGTCCTTGTGTGTGGCTTCTCTTTCCTGACTCCCTGACTCAGTCCAGCCTCTCTGCAGACTCCAGCTGTATTTACTTATATCTGTGCCAGTGACGCCCAAGTCTGTGCCTTCAGCCCCACCTCTCCTGAAATTGGAGGAAGCCGGTCCCCCGATGGAAGATATTATTTGCAAGGGGAGATGGGCAAGAGGAGCACAGTAGCTTTCGGGAATTGACCAGGGACAGGTGCCCAGGGACACACAAGGCCCAGAAGATGCTTGTAAGAAGCCAGGGAGACTGAAGGCATCAACTGGATGTATAAGAGAGCTGCTGTGCACTGATTGTGTGTATCAGGAGTGAAGAATCCA	CAGAGTGAGACACATCTGATACCTTCTTTCTGTGACTCCAGGGACATTCCTCATCTCCTGACACCCTCAGTTCCCTAGGAGCACATATCCTGTTCCTGTAATGTGGGTGCAGATACCTCAGCTTCTGATCCTGACAAGTGTTAGTCCAGAGATTGTTCACTCCACTCGGGGTACTGCCCTAACCTGTAACATGAGTACAGGAGACAAGCAGGAAAGAGAATGACTCTGACTGGATATGGTTTGTAATTTGTAATGTTAACTGCTCAGTGACTCTGAGGGTAGGATTTATGTGCTCTGGGTCTGAGGATTTCATAATGATCTCGATTTGAAGACTTTCTGCTATTCTCATGACCTCCTTCCATCGTTGAATCCCTGGATTGAAATCATATTAATTTTATGCTGCATAGGTTTCTCACAAGTTTCCTGTGAAGCCAAAAGGGAAAATAAGACAGATAAAGGGTCCTTATTTACTATATACTGTCTTCCTTAGCTTATTATGTGACAGCTGAAATTACTACGCAAAAACAAGTCAGCAGCATTTTCCTTTATAGTTTTTGAGGAAATGAGGCTGATCAGGGATAAAGATGTTTTAAAAAGAAAAAATGATTGTGTCCTATTCCCTAGGTTAAGAAGATTATGAGAAACATGATTGGTTGTCCTTGTGTGTGGCTTCTCTTTCCTGACTCCCTGACTCAGTCCAGCCTCTCTGCAGACTCCAGCTGTATTTACTTATATCTGTGCCAGTGACGCCCAAGTCTGTGCCTTCAGCCCCACCTCTCCTGAAATTGGAGGAAGCCGGTCCCCCGATGGAAGATATTATTTGCAAGGGGAGATGGGCAAGAGGAGCACAGTAGCTTTCGGGAATTGACCAGGGACAGGTGCCCAGGGACACACAAGGCCCAGAAGATGCTTGTAAGAAGCCAGGGAGACTGAAGGCATCAACTGGATGTATAAGAGAGCTGCTGTGCACTGATTGTGTGTATCAGGAGTGAAGAATCCA	0	4391873	-	2739.167000	778.694000	0.000000	4.953721	1.163611	1	2755474	0
Graph_transformed.gfa	26737073	astar-seeds	   align	read=11,reverse,position=834982-835982,length=1000,HG02109#2	0.000000	1000	AAACGGAAGCTTTTTTCCACTTGATATTTATGTTGTAGCATTTAAAATTAATTTTGTTCAGTTTTATAATATGAGATCATGCTTTTCTACTATTTATTGCTATTTGTGAATTATAGTATAAATTTGTCATCTATGAATTCAATTTACTGTTGTATACATAGCCTTATGTTTGATTTTTGTTACTATATCTTTCATAGATTCTTTTCATGTAGTTTTGAAAAGCTAGATGCATATTATAAACTTATGTATACTTGTATATATACTTATAAAGCTATGTACAAATTAGTAACATATATATGTAATAAAATTGTGTATTGGAATATTTCATTAGGTTATTTCAGCCACAAAACATGTATCATCATGCTTAAGAACCTATAGGAAGTGAGATTCTGTGTTAGGGAAGAATTACTTTAGACAAGAACAGGACACTTATAATAGTTCTTTAAGAAATCATATTCTTCCTCTACAGCTGTCTTTCCATTCAAAACTTATATTTAAAATTTCCTGCTCTAGGAGTTCATCTAGGATTGCATTTGGTACTAATATTGTTAGGCTTTGTGTCCCCACTCAAATCCACATTGAATTGTAATCCCCAGGTGTTGTGGAAGAGACCTGGTGGGAAGTGATTGGATTATGGGGGTGGTTTCCCCATTCTGTTCTCATGACAGTGAGTGGATTCTCACAAGATCTGATGTTTTTATGACTGGTAGTTTTTTCTACACTTGCACAAGCTCTCTTGCCTGCCACCCTGTAAGACGTGTCTTTGCTTCTCCCTCACCTTCTGCCACGATTGTAAGTTTCCTGAGGCCTCTCCAGCAATGCAGAACCATGCGTTCATTAGACCTCTTTTCTTTATAAATTATCCAGCCTGGGGTATTTTTCTTCATAGCAGTGTGAGAATGGACTAATACAGGTACAGTCAAATTAGTGACTGTTATTCCCTCTATCCAAGTCCTCTGCTTTTTCTGTATCAAGAAACTAGTATCAGTTTTTATTTGGA	AAACGGAAGCTTTTTTCCACTTGATATTTATGTTGTAGCATTTAAAATTAATTTTGTTCAGTTTTATAATATGAGATCATGCTTTTCTACTATTTATTGCTATTTGTGAATTATAGTATAAATTTGTCATCTATGAATTCAATTTACTGTTGTATACATAGCCTTATGTTTGATTTTTGTTACTATATCTTTCATAGATTCTTTTCATGTAGTTTTGAAAAGCTAGATGCATATTATAAACTTATGTATACTTGTATATATACTTATAAAGCTATGTACAAATTAGTAACATATATATGTAATAAAATTGTGTATTGGAATATTTCATTAGGTTATTTCAGCCACAAAACATGTATCATCATGCTTAAGAACCTATAGGAAGTGAGATTCTGTGTTAGGGAAGAATTACTTTAGACAAGAACAGGACACTTATAATAGTTCTTTAAGAAATCATATTCTTCCTCTACAGCTGTCTTTCCATTCAAAACTTATATTTAAAATTTCCTGCTCTAGGAGTTCATCTAGGATTGCATTTGGTACTAATATTGTTAGGCTTTGTGTCCCCACTCAAATCCACATTGAATTGTAATCCCCAGGTGTTGTGGAAGAGACCTGGTGGGAAGTGATTGGATTATGGGGGTGGTTTCCCCATTCTGTTCTCATGACAGTGAGTGGATTCTCACAAGATCTGATGTTTTTATGACTGGTAGTTTTTTCTACACTTGCACAAGCTCTCTTGCCTGCCACCCTGTAAGACGTGTCTTTGCTTCTCCCTCACCTTCTGCCACGATTGTAAGTTTCCTGAGGCCTCTCCAGCAATGCAGAACCATGCGTTCATTAGACCTCTTTTCTTTATAAATTATCCAGCCTGGGGTATTTTTCTTCATAGCAGTGTGAGAATGGACTAATACAGGTACAGTCAAATTAGTGACTGTTATTCCCTCTATCCAAGTCCTCTGCTTTTTCTGTATCAAGAAACTAGTATCAGTTTTTATTTGGA	0	3824839	-	2863.324000	856.365000	0.000000	5.062631	1.215557	1	2888511	0
Graph_transformed.gfa	26737073	astar-seeds	   align	read=12,forward,position=3022305-3023305,length=1000,HG00741#2	0.000000	1000	AAACGTCTGCCCCTGCCAGTGCATCCCGTAGGTATCATCCCATCCACCAGTGCCTTGGCAGGACCCCACTCACTCAACCCTCCCCCTGGTGGTAGTCCCTGGTGGTGCCTCCTCAGGACCTCCTGCCTCCAGCCGCACAAATCCCCAAGAATGGCACGTGGGTACAAGGGTGTTGGGAAGTGTCATCCTCCAGTGCTGACTTGAGTGTGTGTGTGTGGCTGCACACGTGTGTGCATGTGTGCACAAGTGGGAATTGGAGTGTGTGTACACGTGTGTAAGTGTGAGTGTGAGAGTGGAGCATGAATGTGCAGGTGCCCACAGGCAGCAGTTGGGGTGCCAGTGTCCTCACTCCTGCCTGCTTTCCTTTCTCTCCAAAACGTGACCACACAGCAACTTAGTGACTATCTAGATTTAAGTCTATCAAACAGAAGGGAAACACAACTAGGATTCCTGTAGTGTAGGGAAGGGAAATGCCTAGCCCAGCTCTCTGATTCCCCTTTTAATGGGTTTGAGCTGCAATATGGGTGCAGAAGAGCCTCCCACAGCGCCACTGGTGGTGGAGGAAATAGCCCCTCTCATTGGCCCATTTTCACGCTGCTGATAAAGACATACTGGGAAGAAAAAGAGGTTTAATTGGACTTACAATTCCACATGGCTGGGGAGGCCTCAGAATCATGGCGGCAGGTGAAAGGCACTTCTTACATGGCAGTGGCAAGAGAAAATGAGGAGGAAGCAAAAGCGGAAACCCCTGATAAACCCATTAGATCTCGTGAGACTATCACAAGAATACCACGGGAAAAACTGGCCCCAGTGATTCAGTTACCTCCCCCTGGGTCCCTCCCACAACATGTGGGAATTCTGGGAGATACCATTCAAGTTGAGATTCGAATGGGGACACAGCCAAACCGTATCACTGGATGAGAGCAATTAGATTGATGTCATGATGTATATGGGTCCATGGGAACTTGAAAAAGTCTTCCCCTTCCACCTAGTTTAACAA	AAaCGTCTGCCCCTGCCAGTGCATCCCGTAGGTATCATCCCATCCACCAGTGCCTTGGCAGGACCCCACTCACTCAACCCTCCCCCTGGTGGTAGTCCCTGGTGGTGCCTCCTCAGGACCTCCTGCCTCCAGCCGCACAAATCCCCAAGAATGGCACGTGGGTACAAGGGTGTTGGGAAGTGTCATCCTCCAGTGCTGACTTGAGTGTGTGTGTGTGGCTGCACACGTGTGTGCATGTGTGCACAAGTGGGAATTGGAGTGTGTGTACACGTGTGTAAGTGTGAGTGTGAGAGTGGAGCATGAATGTGCAGGTGCCCACAGGCAGCAGTTGGGGTGCCAGTGTCCTCACTCCTGCCTGCTTTCCTTTCTCTCCAAAACGTGACCACACAGCAACTTAGTGACTATCTAGATTTAAGTCTATCAAACAGAAGGGAAACACAACTAGGATTCCTGTAGTGTAGGGAAGGGAAATGCCTAGCCCAGCTCTCTGATTCCCCTTTTAATGGGTTTGAGCTGCAATATGGGTGCAGAAGAGCCTCCCACAGCGCCACTGGTGGTGGAGGAAATAGCCCCTCTCATTGGCCCATTTTCACGCTGCTGATAAAGACATACTGGGAAGAAAAAGAGGTTTAATTGGACTTACAATTCCACATGGCTGGGGAGGCCTCAGAATCATGGCGGCAGGTGAAAGGCACTTCTTACATGGCAGTGGCAAGAGAAAATGAGGAGGAAGCAAAAGCGGAAACCCCTGATAAACCCATTAGATCTCGTGAGACTATCACAAGAATACCACGGGAAAAACTGGCCCCAGTGATTCAGTTACCTCCCCCTGGGTCCCTCCCACAACATGTGGGAATTCTGGGAGATACCATTCAAGTTGAGATTCGAATGGGGACACAGCCAAACCGTATCACTGGATGAGAGCAATTAGATTGATGTCATGATGTATATGGGTCCATGGGAACTTGAAAAAGTCTTCCCCTTCCACCTAGTTTAACAA	1	1516979	+	3512.736000	895.180000	0.000000	5.861501	1.387878	1	3533057	0
Graph_transformed.gfa	26737073	astar-seeds	   align	read=13,forward,position=1159996-1160996,length=1000,HG01978#2	0.000000	1000	AACTACTTTACAAAAACGTTATCTTATTCTGTTTAACTCCTTATGCACATGATCTCTCTTTTCAGGAATGGCAAAACAGAGGTAAATAGATCGTTTACACGTAAACCTGATGTCTGGTTGGGGAGGTGAAACAAACAGAAACAAGACACAACTGTATCACCTGTACTTATATTTCTGCTTTACAAACTCAGGATGTTTCCATGAGTACAGAACATGACTAATCAGAGAAGACCTCATAGAGGAATAGAAAAGCCACCAAGCCCCACTAGGAATTGACCCCTCAAGGACATGGTTTCTAGCCTTTTTGTTCACTGCAGATTGCCCAATGCCTAAAGATAATGGCAACAGAAGAGCACCCAAATATTTGTTAGATAAATGTTGCAGACACTAGAAGGTGTCATTAGGGCACAGATGGTACCTTCTCTGAGCAAACTTCCTTCACAGCTCCTCCTCCCGAGGCTGTAGGTGACTCTACTCTTGTCACCTGGCACACAGAGGTCTATCGTACGATTTAGGAAATTAGACCAGTGTGTGGACCACACACACACACATCTTTACACACCCAAAGAGGAGGAATAGTATCTTTGTTTTGGAGGACTTGACTATGAAAGGTCTTAACTCCTTTTTGTACCATGAATCTCTCTGGCACTCCAGTGAAGTCTAAAGGACCCCTTTGCAGAATGTTTTTAAATATACACATAAAATAGAACACATAGGATTGCAAAAACAATCATTGTACTAAAATACAGTTATCAACCGATAATCACATTTGTGATATAGTAACATAAATGTTTCTTTTTTTTTTTTTTTGAGGCAGAGTTTTGCTCTTGTCACCCAGGCTGGAGTGCAATGGCGCGATCTAGGCTCACTGAAACCTCTGCCTCCCGAGTTCAAGCGATTCTCAGCCTCCCGAGTAGCTGGGATTACAGGTGCCCGCCACCACACCCAGCTAATTTTTGTATTTTTAGTAGAGACTAGGTTTCACCAGGTTGGCCAGGCT	AACTACTTTACAAAAACGTTATCTTATTCTGTTTAACTCCTTATGCACATGATCTCTCTTTTCAGGAATGGCAAAACAGAGGTAAATAGATCGTTTACACGTAAACCTGATGTCTGGTTGGGGAGGTGAAACAAACAGAAACAAGACACAACTGTATCACCTGTACTTATATTTCTGCTTTACAAACTCAGGATGTTTCCATGAGTACAGAACATGACTAATCAGAGAAGACCTCATAGAGGAATAGAAAAGCCACCAAGCCCCACTAGGAATTGACCCCTCAAGGACATGGTTTCTAGCCTTTTTGTTCACTGCAGATTGCCCAATGCCTAAAGATAATGGCAACAGAAGAGCACCCAAATATTTGTTAGATAAATGTTGCAGACACTAGAAGGTGTCATTAGGGCACAGATGGTACCTTCTCTGAGCAAACTTCCTTCACAGCTCCTCCTCCCGAGGCTGTAGGTGACTCTACTCTTGTCACCTGGCACACAGAGgTCTATCGTACGATTTAGGAAATTAGACCAGTGTGTGGACCACACACACACACATCTTTACACACCCAAAGAGGAGGAATAGTATCTTTGTTTTGGAGGACTTGACTATGAAAGGTCTTAACTCCTTTTTGTACCATGAATCTCTCTGGCACTCCAGTGAAGTCTAAAGGACCCCTTTGCAGAATGTTTTTAAATATACACATAAAATAGAACACATAGGATTGCAAAAACAATCATTGTACTAAAATACAGTTATCAACCGATAATCACATTTGTGATATAGTAACATAAATGTTTCTTTTTTTTTTTTTTTGAGGCAGAGTTTTGCTCTTGTCACCCAGGCTGGAGTGCAATGGCGCGATCTAGGCTCACTGAAACCTCTGCCTCCCGaGTTCAAGCGATTCTCAGCCTCCcGAGTAGCTGGGATTACAGGTGCCCGCCACCACACCCAGCTAATTTTTGTATTTTTAGTAGAGACTAGGTTTCACCAGGTTGGCCAGGCT	3	2278321	+	2925.154000	783.629000	0.000000	5.161814	1.227064	1	2940601	0
